Title,Score,ID,URL,Comment Count,Created,Text
Spring 2020 classes and schedule megathread!,63,dti0gr,https://www.reddit.com/r/UIUC/comments/dti0gr/spring_2020_classes_and_schedule_megathread/,504,11-08-2019 19:42:24,"Ask all your Spring 2020 schedule and course-related questions here!

Questions such as:

* Is this schedule doable?
* Recommend an easy gen ed.
* Recommend a fun/interesting/useful class.
* Which lecture/section has the better/easier instructor/TA?
* What is the workload for this course like?"
An Actual Conversation I had Over Break,574,e234v8,https://i.redd.it/y46ptjka23141.png,21,11-26-2019 22:35:52,
ðŸ”¥ðŸ”¥This is fine. ðŸ”¥ðŸ”¥,68,e25f8e,https://i.redd.it/bpfg4hrqo1141.png,0,11-27-2019 01:03:03,
Amazing sunset I took a month ago,20,e26n25,https://i.redd.it/uj3bfmjs64141.jpg,1,11-27-2019 02:23:01,
